Insee - Statistiques locales; ; 
Référentiel géographique : France par bassin de vie; ; 
Code;Libellé;Taux de pauvreté 2021
01004;Ambérieu-en-Bugey;11.1
01033;Valserhône;13
01034;Belley;12.5
01053;Bourg-en-Bresse;14.8
01072;Ceyzériat;7.4
01093;Châtillon-sur-Chalaronne;8
01138;Culoz-Béon;10.5
01143;Divonne-les-Bains;7.8
01160;Ferney-Voltaire;17.8
01173;Gex;9.4
01185;Plateau d'Hauteville;12.2
01202;Lagnieu;7.9
01244;Meximieux;6.2
01262;Montluel;8.2
01265;Montréal-la-Cluse;13.6
01266;Montrevel-en-Bresse;7.3
01283;Oyonnax;19.2
01304;Pont-d'Ain;10.2
01305;Pont-de-Vaux;9.7
01333;Saint-André-de-Corcy;5
01354;Saint-Genis-Pouilly;13.2
01443;Villars-les-Dombes;7.6
01457;Vonnas;8.5
02095;Bohain-en-Vermandois;23.2
02163;Charly-sur-Marne;12.5
02168;Château-Thierry;15.7
02173;Chauny;17.8
02305;Fère-en-Tardenois;16.9
02360;Villeneuve-sur-Aisne;8.3
02361;Guise;21.9
02381;Hirson;25.9
02408;Laon;18.6
02468;Marle;21.1
02502;Montcornet;21.2
02558;Le Nouvion-en-Thiérache;20.1
02691;Saint-Quentin;21.4
02722;Soissons;18.4
02738;Tergnier;20.1
02789;Vervins;21.5
02810;Villers-Cotterêts;11.9
03036;Bourbon-l'Archambault;18.6
03082;Commentry;15.9
03102;Dompierre-sur-Besbre;13.9
03118;Gannat;12.6
03138;Lapalisse;19.9
03185;Montluçon;17.8
03186;Montmarault;19.3
03190;Moulins;14.7
03254;Saint-Pourçain-sur-Sioule;13.1
03298;Varennes-sur-Allier;15
03310;Vichy;16.1
04019;Barcelonnette;16.3
04049;Château-Arnoux-Saint-Auban;15.4
04070;Digne-les-Bains;16.5
04088;Forcalquier;18.6
04094;Gréoux-les-Bains;13.6
04112;Manosque;16.2
04143;Oraison;13.8
04166;Riez;19.2
04173;Saint-André-les-Alpes;21.2
04209;Sisteron;16.7
05006;L'Argentière-la-Bessée;16.5
05023;Briançon;14.1
05040;Chorges;14.2
05046;Embrun;14.3
05061;Gap;14.2
05065;Guillestre;15
05070;Laragne-Montéglin;17.2
05132;Saint-Bonnet-en-Champsaur;15.2
05170;Tallard;13.3
05179;Veynes;20.1
06029;Cannes;14.9
06033;Carros;12.7
06048;Contes;10.3
06083;Menton;16.1
06088;Nice;18
06099;Puget-Théniers;19.5
07010;Annonay;13
07019;Aubenas;17.3
07042;Bourg-Saint-Andéol;18
07064;Le Cheylard;14.8
07110;Joyeuse;22
07129;Lamastre;19.3
07132;Largentière;20.5
07186;Privas;14
07201;Ruoms;15
07324;Tournon-sur-Rhône;12.1
07330;Vallon-Pont-d'Arc;16.4
07334;Les Vans;22.6
07338;Vernoux-en-Vivarais;20.7
07341;Villeneuve-de-Berg;15.6
07349;La Voulte-sur-Rhône;12
08090;Carignan;20.9
08105;Charleville-Mézières;20.3
08185;Fumay;21.1
08190;Givet;19.8
08302;Monthermé;18
08328;Nouzonville;22.5
08362;Rethel;14.1
08363;Revin;21.4
08409;Sedan;20.7
08490;Vouziers;17.3
09122;Foix;18.7
09160;Lavelanet;22.1
09167;Lézat-sur-Lèze;15.4
09185;Mazères;13
09194;Mirepoix;20.3
09225;Pamiers;16
09261;Saint-Girons;23.5
09282;Saverdun;13.5
09306;Tarascon-sur-Ariège;18.5
10003;Aix-Villemaur-Pâlis;13.6
10006;Arcis-sur-Aube;11.9
10033;Bar-sur-Aube;16.1
10034;Bar-sur-Seine;14.4
10064;Brienne-le-Château;13
10268;Nogent-sur-Seine;13.5
10323;Romilly-sur-Seine;18.4
10387;Troyes;17.8
11049;Bram;17.4
11069;Carcassonne;21.4
11076;Castelnaudary;16.3
11106;Coursan;17.3
11203;Lézignan-Corbières;21.5
11206;Limoux;20.4
11262;Narbonne;21
11266;Port-la-Nouvelle;23.1
11304;Quillan;29.6
11379;Sigean;19
11397;Trèbes;21.2
12052;Capdenac-Gare;13.2
12056;Baraqueville;10.1
12089;Decazeville;18.3
12096;Espalion;13.6
12119;Laguiole;19.1
12120;Laissac-Sévérac l'Église;12.9
12133;Luc-la-Primaube;10.7
12138;Marcillac-Vallon;11.3
12145;Millau;15.2
12148;Montbazens;13.2
12169;Naucelle;15.3
12197;Réquista;20.7
12198;Rieupeyroux;18.2
12199;Rignac;10.6
12202;Rodez;12.3
12208;Saint-Affrique;16.4
12224;Saint Geniez d'Olt et d'Aubrac;16.8
12270;Sévérac d'Aveyron;14.1
12300;Villefranche-de-Rouergue;16.7
13001;Aix-en-Provence;11.9
13004;Arles;22.8
13022;Cassis;9.2
13035;Eyguières;10.1
13037;La Fare-les-Oliviers;7.3
13047;Istres;13.2
13050;Lambesc;9.2
13051;Lançon-Provence;7.3
13053;Mallemort;10.1
13054;Marignane;15.5
13055;Marseille;22.9
13056;Martigues;18.2
13063;Miramas;19
13074;Peyrolles-en-Provence;9.5
13078;Port-Saint-Louis-du-Rhône;21.2
13080;Le Puy-Sainte-Réparade;9.1
13084;La Roque-d'Anthéron;14
13088;Le Rove;8.8
13096;Saintes-Maries-de-la-Mer;20.8
13097;Saint-Martin-de-Crau;11.6
13100;Saint-Rémy-de-Provence;16.2
13103;Salon-de-Provence;14.2
13104;Sausset-les-Pins;6.3
13105;Sénas;13
14020;Argences;9.1
14027;Les Monts d'Aunay;12.3
14047;Bayeux;10.4
14118;Caen;14.1
14174;Condé-en-Normandie;13.6
14191;Courseulles-sur-Mer;7.5
14225;Dives-sur-Mer;12.7
14228;Douvres-la-Délivrande;6.5
14257;Évrecy;5
14258;Falaise;11.7
14333;Honfleur;11.6
14342;Isigny-sur-Mer;15.7
14366;Lisieux;14.3
14371;Livarot-Pays-d'Auge;16.6
14431;Mézidon Vallée d'Auge;13.4
14478;Orbec;16
14488;Ouistreham;8.2
14514;Pont-l'Évêque;10.5
14654;Saint-Pierre-en-Auge;13
14689;Thury-Harcourt-le-Hom;9.4
14712;Troarn;7.3
14715;Trouville-sur-Mer;14.1
14752;Villers-Bocage;9.9
14762;Vire Normandie;14.1
15014;Aurillac;12.3
15119;Massiac;18.1
15120;Mauriac;17.3
15122;Maurs;16.9
15138;Murat;17.6
15162;Riom-ès-Montagnes;18.2
15187;Saint-Flour;14.5
15258;Vic-sur-Cère;12.1
16015;Angoulême;16.4
16028;Barbezieux-Saint-Hilaire;14.6
16070;Chabanais;17.7
16073;Chalais;20.2
16078;Champniers;7.9
16085;Chasseneuil-sur-Bonnieure;18.9
16090;Châteauneuf-sur-Charente;11.2
16102;Cognac;12
16106;Confolens;22.5
16167;Jarnac;10.7
16206;Mansle-les-Fontaines;16.7
16281;La Rochefoucauld-en-Angoumois;13.1
16292;Ruffec;19.5
16366;Segonzac;10.9
17003;Aigrefeuille-d'Aunis;7.6
17024;Aulnay;18.5
17093;Le Château-d'Oléron;13.3
17131;Cozes;13.2
17140;Dolus-d'Oléron;12.1
17161;La Flotte;9.1
17168;Fouras;9.1
17172;Gémozac;12.9
17197;Jonzac;16.5
17218;Marans;10.1
17219;Marennes-Hiers-Brouage;13.3
17224;Matha;17
17236;Mirambeau;20.6
17240;Montendre;16.1
17241;Montguyon;17.2
17283;Pons;13.3
17299;Rochefort;13.5
17300;La Rochelle;11.9
17306;Royan;11.2
17347;Saint-Jean-d'Angély;15.5
17385;Saint-Pierre-d'Oléron;13
17397;Saint-Savinien;14.1
17415;Saintes;12.4
17421;Saujon;12.2
17434;Surgères;11.3
17452;La Tremblade;11.4
18015;Aubigny-sur-Nère;13.6
18033;Bourges;14.2
18057;Châteaumeillant;21.3
18087;Dun-sur-Auron;12.6
18108;La Guerche-sur-l'Aubois;17.3
18109;Henrichemont-Menetou-Salon;14.5
18127;Lignières;16.5
18141;Mehun-sur-Yèvre;9.1
18197;Saint-Amand-Montrond;16.7
18207;Saint-Florent-sur-Cher;11.8
18223;Saint-Martin-d'Auxigny;8.6
18242;Sancoins;21.1
18279;Vierzon;18.3
19010;Argentat-sur-Dordogne;16.7
19028;Bort-les-Orgues;15.6
19031;Brive-la-Gaillarde;13
19073;Égletons;16.2
19121;Lubersac;15.7
19138;Meyssac;14.7
19153;Objat;13
19255;Seilhac;11
19272;Tulle;12.6
19275;Ussel;14.3
19276;Uzerche;14.9
21023;Arnay-le-Duc;13.1
21038;Auxonne;10.6
21054;Beaune;9.3
21154;Châtillon-sur-Seine;16.1
21231;Dijon;13.2
21292;Genlis;7.2
21317;Is-sur-Tille;9.1
21416;Mirebeau-sur-Bèze;8.4
21425;Montbard;14.2
21464;Nuits-Saint-Georges;6.4
21501;Pouilly-en-Auxois;9.9
21584;Saulieu;16.3
21603;Semur-en-Auxois;12.4
21607;Seurre;9.2
21663;Venarey-les-Laumes;14.1
22004;Bégard;13.1
22020;Broons;12.5
22025;Callac;22.3
22050;Dinan;9.9
22054;Erquy;9.5
22055;Binic-Étables-sur-Mer;8.3
22070;Guingamp;14.9
22093;Lamballe-Armor;9.5
22113;Lannion;10.6
22121;Lanvollon;11.7
22136;Loudéac;13.1
22143;Matignon;8.7
22147;Merdrignac;15.5
22162;Paimpol;11.3
22172;Plancoët;10.6
22186;Pléneuf-Val-André;8.6
22194;Plestin-les-Grèves;11.6
22203;Plœuc-L'Hermitage;10.4
22206;Châtelaudren-Plouagat;9.5
22222;Plouha;10.9
22262;Quintin;8.8
22266;Rostrenen;19.5
22278;Saint-Brieuc;12.5
22362;Tréguier;13.1
23008;Aubusson;21.5
23013;Auzances;22.3
23025;Bonnat;19.5
23030;Bourganeuf;24.4
23031;Boussac;22.7
23075;Dun-le-Palestel;18.1
23076;Évaux-les-Bains;18
23096;Guéret;16.9
23176;La Souterraine;18.9
24037;Bergerac;16.9
24064;Brantôme en Périgord;14
24067;Le Bugue;19
24164;Excideuil;17.7
24167;Eymet;19.8
24223;Lalinde;16.7
24291;Montignac-Lascaux;21.1
24294;Montpon-Ménestérol;17
24299;Mussidan;17.3
24309;Neuvic;15
24311;Nontron;20.3
24322;Périgueux;13.8
24352;Ribérac;19.8
24372;Saint-Astier;13.7
24396;Saint-Cyprien;20.9
24520;Sarlat-la-Canéda;15.6
24547;Terrasson-Lavilledieu;17.6
24551;Thiviers;17.6
24571;Vergt;16.3
25047;Baume-les-Dames;11.7
25056;Besançon;16.3
25315;L'Isle-sur-le-Doubs;14.1
25356;Maîche;6.9
25388;Montbéliard;18.3
25411;Morteau;5.6
25434;Ornans;8.5
25462;Pontarlier;7.1
25463;Pont-de-Roide-Vermondans;7.7
25495;Roche-lez-Beaupré;8.3
25512;Le Russey;5.6
25527;Saint-Vit;7.9
25532;Saône;6.3
25578;Valdahon;8.3
26037;Beaumont-lès-Valence;7.1
26063;Buis-les-Baronnies;23
26064;Chabeuil;8.5
26108;Crest;14.5
26113;Die;21.8
26114;Dieulefit;19.4
26116;Donzère;12.5
26165;Livron-sur-Drôme;11.8
26176;Marsanne;11.2
26198;Montélimar;16
26220;Nyons;19.6
26235;Pierrelatte;20.6
26281;Romans-sur-Isère;13.7
26301;Saint-Donat-sur-l'Herbasse;10.2
26307;Saint-Jean-en-Royans;12.4
26324;Saint-Paul-Trois-Châteaux;11.9
26325;Saint-Rambert-d'Albon;14
26333;Saint-Vallier;13.9
26362;Valence;15.4
27016;Les Andelys;12.2
27051;Beaumont-le-Roger;12
27056;Bernay;14
27065;Beuzeville;10.8
27103;Bourg-Achard;7
27105;Grand Bourgtheroulde;5.4
27112;Breteuil;13.6
27116;Brionne;12
27165;Conches-en-Ouche;10.3
27170;Cormeilles;11.3
27198;Mesnils-sur-Iton;8.3
27226;Étrépagny;10.5
27229;Évreux;19
27246;Fleury-sur-Andelle;9.4
27275;Gaillon;11.4
27284;Gisors;11.9
27306;Guichainville;7.1
27375;Louviers;16.6
27428;Le Neubourg;7.9
27448;Pacy-sur-Eure;7
27467;Pont-Audemer;12.7
27469;Pont-de-l'Arche;8.5
27507;Saint-André-de-l'Eure;9.8
27679;Verneuil d'Avre et d'Iton;15.5
27681;Vernon;15.1
28007;Anet;6.9
28015;Auneau-Bleury-Saint-Symphorien;6.7
28051;Bonneval;9
28061;Brou;12.8
28085;Chartres;12.3
28088;Châteaudun;16.9
28089;Châteauneuf-en-Thymerais;7.7
28103;Cloyes-les-Trois-Rivières;10.7
28116;Courville-sur-Eure;7.3
28134;Dreux;17.8
28140;Épernon;6.5
28196;Illiers-Combray;8
28199;Janville-en-Beauce;9.6
28214;La Loupe;14.5
28227;Maintenon;5.7
28279;Nogent-le-Roi;8.1
28280;Nogent-le-Rotrou;13.7
28373;Senonches;13
28422;Les Villages Vovéens;9
29004;Bannalec;10.2
29019;Brest;13.3
29020;Briec;9.8
29024;Carhaix-Plouguer;15.9
29026;Châteaulin;11.3
29027;Châteauneuf-du-Faou;17.1
29039;Concarneau;10.5
29042;Crozon;10.7
29046;Douarnenez;11.9
29053;Le Faou;6.7
29058;Fouesnant;6.9
29069;Guilers;5.7
29103;Landerneau;7.1
29105;Landivisiau;10.9
29113;Lanmeur;10.7
29124;Lesneven;8.7
29147;Mellac;6.6
29150;Moëlan-sur-Mer;8.7
29151;Morlaix;12.3
29160;Plabennec;6.4
29162;Pleyben;13.6
29174;Plonéour-Lanvern;9.5
29178;Ploudalmézeau;7.1
29195;Plouguerneau;7.8
29197;Plouhinec;12.4
29199;Plouigneau;14.2
29218;Pont-Croix;11.6
29220;Pont-l'Abbé;9
29232;Quimper;11.4
29233;Quimperlé;9.8
29241;Rosporden;8.9
29259;Saint-Pol-de-Léon;10.5
29260;Saint-Renan;5.4
29274;Scaër;14.1
2A004;Ajaccio;14.2
2A041;Bonifacio;17.8
2A130;Grosseto-Prugna;14.1
2A247;Porto-Vecchio;19
2A249;Propriano;19.7
2A272;Sartène;23.9
2B033;Bastia;19.2
2B042;Borgo;19.6
2B050;Calvi;19.7
2B096;Corte;21.1
2B123;Ghisonaccia;26.2
2B134;L'Île-Rousse;20.8
2B207;Penta-di-Casinca;22.3
2B251;Prunelli-di-Fiumorbo;18.4
2B298;Saint-Florent;19.7
30003;Aigues-Mortes;15.5
30006;Aimargues;12.1
30007;Alès;21.6
30010;Anduze;19.5
30028;Bagnols-sur-Cèze;17.9
30029;Barjac;20.6
30032;Beaucaire;23.6
30034;Bellegarde;14.9
30037;Bessèges;31.8
30047;Bouillargues;12.4
30061;La Calmette;14.7
30062;Calvisson;9
30132;La Grand-Combe;30.6
30155;Manduel;13.5
30189;Nîmes;25
30202;Pont-Saint-Esprit;18.3
30210;Quissac;17.4
30212;Remoulins;13.9
30217;Rochefort-du-Gard;9.9
30221;Roquemaure;14.1
30227;Saint-Ambroix;23.5
30255;Saint-Geniès-de-Malgoirès;14.6
30258;Saint-Gilles;26.8
30263;Saint-Hippolyte-du-Fort;25
30269;Saint-Jean-du-Gard;29.1
30321;Sommières;13.4
30334;Uzès;17.1
30341;Vauvert;18.5
30344;Vergèze;10.3
30350;Le Vigan;25.9
31033;Auterive;12
31042;Bagnères-de-Luchon;15.4
31066;Bessières;8.2
31080;Boulogne-sur-Gesse;21.4
31106;Caraman;8.9
31107;Carbonne;15.9
31135;Cazères;16.2
31202;Fronton;10
31232;Grenade;10.6
31239;L'Isle-en-Dodon;21.4
31324;Martres-Tolosane;14
31358;Montastruc-la-Conseillère;6.2
31390;Montréjeau;17.6
31396;Nailloux;9.2
31399;Noé;9.7
31421;Pins-Justaret;7
31451;Revel;15.1
31454;Rieumes;8.6
31483;Saint-Gaudens;18.6
31499;Saint-Lys;8.4
31523;Salies-du-Salat;15.6
31555;Toulouse;15.1
31573;Verfeil;6
31574;Vernet;7.1
31582;Villefranche-de-Lauragais;7.5
31584;Villemur-sur-Tarn;12
32013;Auch;14.1
32096;Cazaubon;19.8
32107;Condom;18.9
32119;Eauze;19.6
32132;Fleurance;15.1
32147;Gimont;12.7
32160;L'Isle-Jourdain;8.5
32208;Lectoure;16.4
32233;Marciac;19.6
32242;Masseube;17.5
32249;Mauvezin;14.1
32256;Mirande;17.3
32296;Nogaro;18.9
32319;Plaisance;19.9
32344;Riscle;15.1
32410;Samatan;11.9
32462;Vic-Fezensac;17.3
33005;Andernos-les-Bains;7.5
33011;Arès;7.7
33036;Bazas;15.2
33042;Belin-Béliet;8.2
33051;Biganos;7.3
33058;Blaye;17.5
33063;Bordeaux;13.2
33081;Cadillac-sur-Garonne;12.5
33104;Castelnau-de-Médoc;8
33108;Castillon-la-Bataille;19.7
33114;Cavignac;13.7
33138;Coutras;18.1
33140;Créon;9
33203;Hourtin;12
33213;La Brède;5
33214;Lacanau;10.7
33226;Langoiran;10.6
33227;Langon;13
33236;Lège-Cap-Ferret;9.6
33240;Lesparre-Médoc;16.1
33243;Libourne;13.1
33314;Pauillac;13.4
33327;Podensac;7.8
33352;La Réole;20.7
33366;Saint-André-de-Cubzac;11.3
33402;Sainte-Foy-la-Grande;20.9
33478;Saint-Seurin-sur-l'Isle;17.1
33498;Salles;6.1
33506;Sauveterre-de-Guyenne;17.4
33514;Soulac-sur-Mer;15.9
33529;La Teste-de-Buch;9.9
34003;Agde;21.9
34022;Baillargues;9.6
34028;Bédarieux;22.7
34031;Bessan;17.2
34032;Béziers;26.7
34052;Capestang;18.5
34058;Castries;7.1
34079;Clermont-l'Hérault;18.2
34111;Ganges;18
34114;Gignac;15.4
34126;Lamalou-les-Bains;21.1
34142;Lodève;24.2
34145;Lunel;18.1
34147;Magalas;14.9
34150;Marseillan;20
34154;Mauguio;10.7
34157;Mèze;16.2
34162;Montagnac;26.5
34172;Montpellier;19.8
34189;Olonzac;23.9
34192;Palavas-les-Flots;16.2
34194;Paulhan;15.9
34199;Pézenas;19.5
34202;Pignan;11.5
34239;Saint-André-de-Sangonis;14.8
34245;Saint-Chinian;21.5
34276;Saint-Mathieu-de-Tréviers;8.4
34284;Saint-Pons-de-Thomières;29.5
34299;Sérignan;16.1
34300;Servian;15.7
34301;Sète;18.5
34332;Vias;22.6
35006;Argentré-du-Plessis;6.5
35012;Bain-de-Bretagne;8.8
35037;Bréal-sous-Montfort;6.3
35068;Châteaubourg;5
35069;Châteaugiron;5
35085;Combourg;11.2
35093;Dinard;9.7
35095;Dol-de-Bretagne;10.2
35115;Fougères;11.2
35125;La Guerche-de-Bretagne;9.7
35126;Guichen;5.9
35136;Janzé;7.2
35152;Liffré;5.5
35162;Louvigné-du-Désert;14.5
35168;Val d'Anast;10.1
35176;Guipry-Messac;9.5
35177;La Mézière;5.9
35184;Montauban-de-Bretagne;7.7
35188;Montfort-sur-Meu;6.3
35196;Mordelles;7.6
35207;Noyal-sur-Vilaine;5.8
35219;Pipriac;10.5
35223;Plélan-le-Grand;9.4
35236;Redon;13.2
35238;Rennes;14.9
35239;Retiers;10.1
35240;Le Rheu;10.1
35251;Saint-Aubin-d'Aubigné;6.7
35253;Saint-Aubin-du-Cormier;6.2
35257;Maen Roch;11.2
35288;Saint-Malo;10.7
35297;Saint-Méen-le-Grand;11.4
35337;Tinténiac;8
35352;Vern-sur-Seiche;7.7
35360;Vitré;8.6
36001;Aigurande;21.2
36006;Argenton-sur-Creuse;17.1
36018;Le Blanc;15.6
36031;Buzançais;12.9
36044;Châteauroux;16.2
36045;Châtillon-sur-Indre;15.5
36046;La Châtre;16.4
36088;Issoudun;13.1
36093;Levroux;11.1
36228;Valençay;14.3
37003;Amboise;11.5
37011;Avoine;10.4
37014;Azay-le-Rideau;7.6
37027;Bléré;6.8
37031;Bourgueil;13.4
37062;Château-la-Vallière;12
37063;Château-Renault;11.2
37072;Chinon;14.5
37104;Esvres;5.9
37115;Descartes;18
37119;L'Île-Bouchard;12.6
37123;Langeais;10.6
37130;Ligueil;11.9
37132;Loches;13
37159;Monts;5.5
37196;Richelieu;15.9
37226;Sainte-Maure-de-Touraine;12.2
37261;Tours;14
38001;Les Abrets en Dauphiné;8.6
38006;Allevard;7.3
38013;Apprieu;6.7
38022;Les Avenières Veyrins-Thuellin;8.8
38034;Beaurepaire;13.1
38052;Le Bourg-d'Oisans;14.4
38053;Bourgoin-Jallieu;12.9
38085;Charvieu-Chavagneux;9.1
38130;La Côte-Saint-André;11.8
38138;Crémieu;6.3
38140;Crolles;5.7
38185;Grenoble;14.5
38189;Heyrieux;5.2
38247;Montalieu-Vercieu;9
38261;Morestel;8.6
38269;La Mure;13.1
38314;Pontcharra;7.5
38315;Le Pont-de-Beauvoisin;9.2
38337;Rives;10.3
38344;Roussillon;14.5
38384;Saint-Étienne-de-Saint-Geoirs;10
38399;Saint-Jean-de-Bournay;7.6
38412;Saint-Laurent-du-Pont;9.1
38416;Saint-Marcellin;12.2
38509;La Tour-du-Pin;10.6
38511;Le Touvet;5
38517;Tullins;9.6
38544;Vienne;12.6
38545;Vif;5.5
38548;Villard-de-Lans;9.3
38553;Villefontaine;14.4
38557;Villette-d'Anthon;5
38559;Vinay;9.6
38562;Vizille;7.8
38563;Voiron;9.5
38565;Voreppe;8.4
39013;Arbois;12.3
39056;Bletterans;9.8
39097;Champagnole;11.2
39128;Chaussin;11.4
39154;Clairvaux-les-Lacs;10.2
39198;Dole;14.4
39300;Lons-le-Saunier;12.6
39333;Moirans-en-Montagne;10.6
39368;Hauts de Bienne;11.7
39397;Orgelet;8.3
39434;Poligny;11.2
39470;Les Rousses;5.4
39475;Saint-Amour;11.5
39478;Saint-Claude;13.4
39487;Saint-Laurent-en-Grandvaux;8.4
39500;Salins-les-Bains;11.1
39526;Tavaux;8.7
40001;Aire-sur-l'Adour;13.8
40046;Biscarrosse;9.5
40065;Capbreton;11.8
40075;Castets;10.7
40088;Dax;13.3
40119;Hagetmau;11.7
40133;Labenne;8.6
40184;Mimizan;12.5
40192;Mont-de-Marsan;12.2
40194;Montfort-en-Chalosse;12.6
40197;Morcenx-la-Nouvelle;12.2
40217;Parentis-en-Born;11
40224;Peyrehorade;12.2
40233;Pouillon;11.1
40245;Roquefort;12.4
40282;Saint-Sever;9.4
40284;Saint-Vincent-de-Tyrosse;9.5
40296;Seignosse;10.8
40310;Soustons;11.2
40313;Tartas;11.7
41018;Blois;14.6
41059;Le Controis-en-Sologne;9.6
41106;Lamotte-Beuvron;10.6
41136;Mer;10.9
41143;Mondoubleau;15
41149;Montoire-sur-le-Loir;10.4
41151;Montrichard Val de Cher;10.9
41167;Veuzain-sur-Loire;9.4
41173;Beauce la Romaine;7.2
41194;Romorantin-Lanthenay;15.8
41198;Saint-Aignan;14.7
41232;Salbris;12.5
41242;Selles-sur-Cher;14.7
41269;Vendôme;12.3
42011;Balbigny;10.4
42019;Boën-sur-Lignon;12.4
42023;Bourg-Argental;13
42052;Charlieu;10.4
42059;Chazelles-sur-Lyon;9.2
42094;Feurs;11.8
42103;La Grand-Croix;11.9
42147;Montbrison;10.3
42149;Montrond-les-Bains;7.1
42165;Panissières;10.9
42168;Pélussin;7.9
42182;Renaison;10.2
42186;Rive-de-Gier;13.5
42187;Roanne;16.1
42204;Saint-Bonnet-le-Château;10.4
42218;Saint-Étienne;20.6
42222;Saint-Galmier;5.3
42230;Saint-Germain-Laval;13.4
42279;Saint-Just-Saint-Rambert;8.7
43040;Brioude;16.3
43051;Le Chambon-sur-Lignon;17.9
43080;Craponne-sur-Arzon;15.9
43087;Dunières;11.2
43112;Langeac;16.3
43137;Monistrol-sur-Loire;7.7
43157;Le Puy-en-Velay;12.9
43162;Retournac;14.3
43200;Saint-Julien-Chapteuil;10.4
43216;Saint-Paulien;13
43224;Sainte-Sigolène;8
43234;Saugues;19
43244;Tence;13.7
43268;Yssingeaux;10.5
44002;Aigrefeuille-sur-Maine;5.1
44003;Ancenis-Saint-Géréon;8.6
44015;Blain;8.4
44036;Châteaubriant;14.7
44043;Clisson;5.9
44051;Derval;12.3
44055;La Baule-Escoublac;8.6
44067;Guémené-Penfao;14.2
44072;Herbignac;8.5
44073;Héric;6.3
44081;Legé;8.7
44082;Ligné;5
44084;Le Loroux-Bottereau;6
44087;Machecoul-Saint-Même;9.1
44109;Nantes;12.4
44110;Nort-sur-Erdre;7.7
44113;Nozay;10.3
44120;Le Pellerin;6.1
44129;Pontchâteau;8
44131;Pornic;7.8
44154;Saint-Brevin-les-Pins;7.9
44158;Saint-Étienne-de-Montluc;5
44180;Vallons-de-l'Erdre;12.3
44184;Saint-Nazaire;13.5
44186;Sainte-Pazanne;6.6
44188;Saint-Philbert-de-Grand-Lieu;6.2
44195;Savenay;6.2
44209;Treillières;5
44212;Vallet;6.2
44213;Loireauxence;10.3
45028;Beaugency;10.3
45030;Beaune-la-Rolande;12.1
45031;Bellegarde;11.6
45053;Briare;15.9
45082;Châteauneuf-sur-Loire;8.6
45085;Châtillon-Coligny;14
45115;Courtenay;13.7
45145;Ferrières-en-Gâtinais;10
45146;La Ferté-Saint-Aubin;7.2
45155;Gien;17.8
45173;Jargeau;8
45187;Lorris;12.3
45191;Le Malesherbois;13.1
45203;Meung-sur-Loire;6.5
45208;Montargis;20.3
45224;Neuville-aux-Bois;6.6
45234;Orléans;15.1
45248;Patay;9.1
45252;Pithiviers;13.6
45258;Puiseaux;9.9
45315;Sully-sur-Loire;12.3
46042;Cahors;14.3
46045;Cajarc;20.2
46063;Castelnau-Montratier;N/A - secret statistique
46102;Figeac;14.5
46127;Gourdon;17.4
46128;Gramat;13.3
46143;Lacapelle-Marival;15.5
46225;Prayssac;18
46251;Saint-Céré;14.9
46309;Souillac;15.9
46330;Vayrac;13.9
47001;Agen;15.6
47004;Aiguillon;21.8
47052;Casteljaloux;17.1
47057;Castillonnès;21.4
47106;Fumel;20.9
47157;Marmande;17.5
47168;Miramont-de-Guyenne;19.7
47175;Monflanquin;18.5
47195;Nérac;17.3
47310;Tonneins;19.4
47323;Villeneuve-sur-Lot;19.3
48034;La Canourgue;14.4
48061;Florac Trois Rivières;20.1
48080;Langogne;19.2
48092;Marvejols;13.2
48095;Mende;12.1
48140;Saint-Chély-d'Apcher;15
49007;Angers;14.7
49018;Baugé-en-Anjou;11.9
49021;Beaufort-en-Anjou;8.3
49023;Beaupréau-en-Mauges;7.7
49050;Brissac Loire Aubance;6.8
49054;Candé;12.9
49063;Chalonnes-sur-Loire;8.1
49080;Les Hauts-d'Anjou;10.7
49092;Chemillé-en-Anjou;8.9
49099;Cholet;10.6
49125;Doué-en-Anjou;11.9
49126;Orée d'Anjou;6.7
49127;Durtal;10
49176;Le Lion-d'Angers;7.5
49180;Longué-Jumelles;13.7
49214;Montreuil-Juigné;6.3
49215;Montreuil-Bellay;13.5
49218;Montrevault-sur-Èvre;8.5
49228;Noyant-Villages;19.6
49244;Mauges-sur-Loire;8.5
49248;Ombrée d'Anjou;14.7
49261;Gennes-Val-de-Loire;11.7
49283;Saint-Georges-sur-Loire;5.5
49301;Sèvremoine;6.8
49307;Loire-Authion;5.6
49328;Saumur;14.6
49331;Segré-en-Anjou Bleu;11.3
49333;Seiches-sur-le-Loir;8.5
49345;Bellevigne-en-Layon;7.7
49347;Tiercé;6.7
49373;Lys-Haut-Layon;11.1
50003;Agon-Coutainville;9.9
50025;Avranches;10.2
50031;Barneville-Carteret;11.2
50074;Brécey;15.3
50076;Bréhal;10.5
50082;Bricquebec-en-Cotentin;9.2
50099;Carentan-les-Marais;13.3
50129;Cherbourg-en-Cotentin;11.6
50147;Coutances;13.3
50218;Granville;9.9
50236;La Haye;12.7
50341;Montebourg;11.5
50359;Mortain-Bocage;15.4
50394;Périers;14.1
50402;Les Pieux;7.6
50410;Pontorson;13.2
50484;Saint-Hilaire-du-Harcouët;13.5
50487;Saint-James;13.5
50502;Saint-Lô;11.6
50539;Saint-Pierre-Église;9
50582;Sourdeval;18.4
50601;Torigny-les-Villes;11.7
50615;Valognes;10.9
50639;Villedieu-les-Poêles-Rouffigny;14.2
51030;Aÿ-Champagne;6.7
51108;Châlons-en-Champagne;15.2
51217;Dormans;10.7
51230;Épernay;11.9
51248;Fère-Champenoise;13.9
51250;Fismes;12.6
51380;Montmirail;14.5
51388;Mourmelon-le-Grand;9.7
51454;Reims;16.8
51507;Sainte-Menehould;14.8
51535;Sézanne;12.8
51559;Suippes;12.9
51612;Blancs-Coteaux;8.5
51649;Vitry-le-François;15
52060;Bourbonne-les-Bains;18.2
52093;Chalindrey;11.5
52121;Chaumont;13.7
52197;Fayl-Billot;15.2
52250;Joinville;18.1
52269;Langres;13.6
52331;La Porte du Der;15.2
52353;Nogent;12.7
52448;Saint-Dizier;17.5
52550;Wassy;15
53003;Ambrières-les-Vallées;13.3
53062;Château-Gontier-sur-Mayenne;9.8
53077;Cossé-le-Vivien;9.1
53084;Craon;11.6
53096;Ernée;11.7
53097;Évron;12.8
53107;Gorron;15.6
53130;Laval;11.3
53147;Mayenne;10.2
53152;Meslay-du-Maine;9.4
53185;Pré-en-Pail-Saint-Samson;15
53271;Villaines-la-Juhel;14.7
54039;Baccarat;15.8
54076;Blainville-sur-l'Eau;9.7
54099;Val de Briey;15.5
54159;Dombasle-sur-Meurthe;10
54273;Jarny;12
54280;Jœuf;17.2
54322;Longuyon;15.8
54323;Longwy;20.9
54328;Ludres;5
54329;Lunéville;14.9
54395;Nancy;17.5
54397;Neuves-Maisons;8.7
54431;Pont-à-Mousson;11.8
54528;Toul;12.4
54563;Vézelise;8.3
54580;Villerupt;17.2
55029;Bar-le-Duc;13.4
55122;Commercy;16
55181;Étain;17.7
55291;Ligny-en-Barrois;12.6
55351;Montmédy;15.4
55427;Revigny-sur-Ornain;13.7
55463;Saint-Mihiel;14.7
55502;Stenay;19.8
55533;Vaucouleurs;15.8
55545;Verdun;14.9
56001;Allaire;12.4
56003;Arradon;5.5
56007;Auray;9.6
56010;Baud;9.6
56013;Belz;9.7
56034;Carnac;8.9
56053;Elven;8.7
56057;Le Faouët;16.9
56061;La Gacilly;12.3
56066;Gourin;15.3
56067;Grand-Champ;6.8
56073;Guémené-sur-Scorff;20.4
56075;Guer;9.9
56078;Guidel;6.4
56083;Hennebont;9.6
56091;Josselin;13.3
56098;Lanester;13.6
56117;Locminé;10.3
56121;Lorient;14.3
56124;Malestroit;10.1
56127;Mauron;16.8
56143;Muzillac;8.3
56147;Nivillac;9.5
56152;Le Palais;11.2
56164;Ploeren;7.3
56165;Ploërmel;10.3
56166;Plouay;12.4
56169;Plouhinec;9.3
56177;Pluvigner;8.3
56178;Pontivy;12.5
56184;Questembert;11
56186;Quiberon;9.6
56193;Riantec;9.9
56240;Sarzeau;8.2
56251;Theix-Noyalo;7.1
56260;Vannes;12
57019;Amnéville;15.5
57089;Bitche;12.7
57097;Boulay-Moselle;11.2
57106;Bouzonville;14.2
57132;Château-Salins;10.7
57160;Creutzwald;16.1
57177;Dieuze;15
57207;Farébersviller;18.3
57209;Faulquemont;12.7
57227;Forbach;24.2
57240;Freyming-Merlebach;22.3
57269;Guénange;10.3
57323;Hettange-Grande;9.3
57413;Longeville-lès-Saint-Avold;10.3
57443;Marange-Silvange;10
57463;Metz;16.5
57483;Morhange;15.6
57540;Phalsbourg;9.4
57556;Puttelange-aux-Lacs;12.8
57572;Rémilly;7.3
57589;Rohrbach-lès-Bitche;8.4
57606;Saint-Avold;18.3
57628;Sarralbe;12.4
57630;Sarrebourg;12.8
57631;Sarreguemines;14.7
57672;Thionville;17.3
58059;La Charité-sur-Loire;14.6
58062;Château-Chinon (Ville);19.5
58079;Clamecy;17.5
58083;Corbigny;16.5
58086;Cosne-Cours-sur-Loire;14.4
58095;Decize;15.6
58134;Imphy;13.9
58149;Luzy;18.2
58194;Nevers;15.3
58218;Prémery;17.1
58264;Saint-Pierre-le-Moûtier;19.4
59011;Annœullin;10
59015;Arleux;11.5
59017;Armentières;14.1
59033;Aulnoye-Aymeries;21.8
59036;Avesnes-sur-Helpe;20.3
59037;Avesnes-les-Aubert;17.3
59051;La Bassée;12.4
59053;Bavay;13.8
59067;Bergues;10.8
59094;Bourbourg;15.7
59107;Bray-Dunes;11.3
59122;Cambrai;16.7
59136;Le Cateau-Cambrésis;26.3
59139;Caudry;21.2
59168;Cysoing;6.5
59172;Denain;28.2
59178;Douai;19.9
59183;Dunkerque;19.8
59239;Flines-lez-Raches;9
59249;Fourmies;31.6
59273;Gravelines;13.9
59295;Hazebrouck;13.2
59324;Jeumont;30.1
59331;Landrecies;19.9
59350;Lille;20.4
59375;Marchiennes;9.7
59392;Maubeuge;28.9
59400;Merville;10.8
59449;Orchies;8.1
59462;Phalempin;5.5
59466;Pont-à-Marcq;5.8
59481;Le Quesnoy;13
59484;Quiévrechain;28.7
59526;Saint-Amand-les-Eaux;12.9
59571;Solesmes;18.2
59574;Somain;19.8
59580;Steenvoorde;10.6
59601;Trélon;21.4
59606;Valenciennes;22.3
59616;Vieux-Condé;27.4
59653;Wavrin;8.3
59663;Wormhout;9.6
60057;Beauvais;17.4
60103;Bresles;8.6
60104;Breteuil;13.5
60141;Chantilly;6.9
60143;Chaumont-en-Vexin;7.1
60157;Clermont;8.3
60159;Compiègne;13.5
60175;Creil;25.5
60176;Crépy-en-Valois;8.3
60178;Crèvecœur-le-Grand;12.3
60223;Estrées-Saint-Denis;6.2
60245;Formerie;16.6
60286;Grandvilliers;13.4
60360;Liancourt;10.1
60395;Méru;10.5
60471;Noyon;18.1
60500;Le Plessis-Belleville;5.8
60509;Pont-Sainte-Maxence;13.1
60533;Ressons-sur-Matz;9
60581;Saint-Just-en-Chaussée;11.8
60612;Senlis;8.7
60636;Thourotte;9.8
60667;Verberie;8
61001;Alençon;15.5
61006;Argentan;16.1
61038;Bellême;12.2
61145;Domfront en Poiraie;15.9
61168;La Ferté Macé;13.8
61169;Flers;15.1
61181;Gacé;19.1
61214;L'Aigle;16.5
61293;Mortagne-au-Perche;15.4
61464;Sées;14
61486;Tinchebray-Bocage;14.3
61508;Vimoutiers;19.2
62014;Aire-sur-la-Lys;14.5
62038;Ardres;13.3
62041;Arras;14.8
62045;Aubigny-en-Artois;8.6
62048;Auchel;19.3
62057;Audruicq;13.3
62060;Auxi-le-Château;22.4
62080;Bapaume;14
62108;Berck;14.3
62119;Béthune;16.5
62160;Boulogne-sur-Mer;20.5
62178;Bruay-la-Buissière;24.8
62193;Calais;23.2
62268;Desvres;15.8
62318;Étaples;13.8
62361;Frévent;22.2
62364;Fruges;19.7
62397;Guînes;18.3
62447;Hesdin-la-Forêt;20.2
62497;Leforest;17.2
62498;Lens;23.3
62534;Lumbres;14.2
62560;Marquise;15
62588;Montreuil-sur-Mer;13.2
62617;Nœux-les-Mines;19.7
62765;Saint-Omer;17.2
62767;Saint-Pol-sur-Ternoise;16.5
62773;Samer;13.9
62861;Vimy;6.8
62893;Wimereux;13.3
62895;Wingles;15.5
63003;Ambert;16.5
63010;Arlanc;19.2
63038;Besse-et-Saint-Anastaise;14.4
63040;Billom;10.4
63047;La Bourboule-Mont-Dore;17.3
63113;Clermont-Ferrand;15.1
63125;Courpière;18.1
63178;Issoire;13.4
63195;Lezoux;9.2
63214;Les Martres-de-Veyre;6.1
63283;Pontaumur;19.9
63284;Pont-du-Château;8.2
63285;Pontgibaud;9.9
63300;Riom;10
63338;Saint-Éloy-les-Mines;17.7
63430;Thiers;16.8
63457;Vic-le-Comte;7.7
64061;Artix;8.4
64062;Arudy;12.3
64063;Arzacq-Arraziguet;12.7
64102;Bayonne;11.4
64160;Cambo-les-Bains;9.8
64233;Garlin;13.4
64256;Hasparren;11.7
64260;Hendaye;14.5
64320;Laruns;14.2
64331;Lembeye;15
64371;Mauléon-Licharre;15.6
64393;Monein;10.2
64410;Mourenx;16
64416;Navarrenx;15
64417;Nay;8.8
64422;Oloron-Sainte-Marie;14.1
64430;Orthez;11.8
64445;Pau;13.7
64453;Pontacq;10.2
64483;Saint-Jean-de-Luz;11.5
64485;Saint-Jean-Pied-de-Port;16.5
64493;Saint-Palais;14.5
64495;Saint-Pée-sur-Nivelle;11
64499;Salies-de-Béarn;15.3
64526;Soumoulou;8.3
65025;Argelès-Gazost;13.4
65031;Arreau;16.2
65059;Bagnères-de-Bigorre;15
65258;Lannemezan;15.4
65286;Lourdes;18.3
65295;Luz-Saint-Sauveur;16.3
65304;Maubourguet;17.5
65440;Tarbes;15.6
65452;Trie-sur-Baïse;20.1
65460;Vic-en-Bigorre;15.5
66003;Amélie-les-Bains-Palalda;25.5
66016;Banyuls-sur-Mer;16.1
66024;Le Boulou;17.7
66025;Bourg-Madame;15.6
66037;Canet-en-Roussillon;16.9
66049;Céret;17.1
66088;Ille-sur-Têt;20.6
66108;Millas;19.4
66124;Font-Romeu-Odeillo-Via;16.2
66136;Perpignan;25.2
66144;Pollestres;14.1
66148;Port-Vendres;19.3
66149;Prades;24.1
66171;Saint-Cyprien;16.3
66180;Saint-Laurent-de-la-Salanque;17.3
66210;Thuir;16
67021;Barr;8.3
67028;Benfeld;7.1
67061;Bouxwiller;9.2
67067;Brumath;5.3
67095;Diemeringen;10.6
67106;Drusenheim;6.9
67130;Erstein;8.5
67152;Geispolsheim;6.7
67180;Haguenau;10.9
67202;Hochfelden;5
67205;Hœrdt;5
67222;Ingwiller;9.1
67281;Marckolsheim;7.3
67282;Marlenheim;5.1
67283;Marmoutier;7.3
67300;Molsheim;7
67348;Obernai;8
67372;Val-de-Moder;6.8
67388;Reichshoffen;9.7
67411;Rosheim;5
67434;Sarre-Union;13.9
67437;Saverne;10.3
67448;Schirmeck;9.7
67462;Sélestat;9.6
67463;Seltz;7.9
67474;Soultz-sous-Forêts;7.3
67482;Strasbourg;20.9
67495;Truchtersheim;5
67507;Villé;7.1
67519;La Wantzenau;5.7
67520;Wasselonne;7.4
67544;Wissembourg;12.1
67550;Wœrth;6.5
68004;Altkirch;8.7
68063;Cernay;9.9
68066;Colmar;12.9
68068;Dannemarie;7.6
68082;Ensisheim;5.9
68112;Guebwiller;10.3
68138;Hirsingue;7
68162;Kaysersberg Vignoble;8.2
68201;Masevaux-Niederbruck;8.2
68224;Mulhouse;20.1
68226;Munster;8.6
68269;Ribeauvillé;8.2
68287;Rouffach;6.6
68297;Saint-Louis;12
68298;Sainte-Marie-aux-Mines;15.1
68309;Sierentz;5
68334;Thann;11.2
69006;Amplepuis;12.4
69010;L'Arbresle;7.4
69018;Beaujeu;11.2
69019;Belleville-en-Beaujolais;8.3
69024;Val d'Oingt;6.1
69064;Condrieu;8.2
69066;Cours;13.4
69091;Givors;16.3
69112;Lentilly;5
69123;Lyon;16
69141;Mornant;5.4
69143;Neuville-sur-Saône;7.5
69201;Sainte-Foy-l'Argentière;8.6
69220;Saint-Laurent-de-Chamousset;8.5
69227;Saint-Martin-en-Haut;6.9
69238;Saint-Symphorien-sur-Coise;9.5
69243;Tarare;12.1
69248;Thizy-les-Bourgs;13.6
69264;Villefranche-sur-Saône;11.9
69287;Saint-Bonnet-de-Mure;5
70198;Dampierre-sur-Salon;13.2
70279;Gray;14.7
70285;Héricourt;12.7
70292;Jussey;17.7
70310;Lure;13.5
70311;Luxeuil-les-Bains;15.8
70334;Marnay;7.1
70421;Port-sur-Saône;12.5
70447;Rioz;8
70467;Saint-Loup-sur-Semouse;18.7
70550;Vesoul;14.2
70561;Villersexel;14.7
71014;Autun;16.5
71047;Bourbon-Lancy;13.7
71073;Chagny;8.1
71076;Chalon-sur-Saône;13.7
71090;La Chapelle-de-Guinchay;7.5
71106;Charolles;13
71120;Chauffailles;12.4
71133;La Clayette;12.2
71137;Cluny;12
71153;Le Creusot;14
71176;Digoin;16
71192;Étang-sur-Arroux;15.4
71221;Givry;5.9
71230;Gueugnon;12.2
71263;Louhans;14.5
71270;Mâcon;13.6
71275;Marcigny;13.4
71306;Montceau-les-Mines;14.7
71310;Montchanin;11
71342;Paray-le-Monial;11.5
71351;Pierre-de-Bresse;15.4
71417;Saint-Gengoux-le-National;10.7
71419;Saint-Germain-du-Bois;13.3
71512;Sennecey-le-Grand;9.6
71543;Tournus;12.5
72029;Beaumont-sur-Sarthe;11
72039;Bonnétable;10.7
72068;La Chartre-sur-le-Loir;14
72071;Montval-sur-Loir;14.9
72089;Conlie;10.1
72090;Connerré;10.9
72124;Écommoy;9.6
72132;La Ferté-Bernard;11.9
72138;Fresnay-sur-Sarthe;14.2
72143;Le Grand-Lucé;12.8
72154;La Flèche;12
72168;Loué;11.2
72176;Le Lude;15.3
72180;Mamers;15.6
72181;Le Mans;15.7
72189;Marolles-les-Braults;14.5
72213;Mulsanne;7.3
72231;Parigné-l'Évêque;6.5
72264;Sablé-sur-Sarthe;12.9
72269;Saint-Calais;13.3
72334;Sillé-le-Guillaume;16.9
72346;La Suze-sur-Sarthe;7.9
72373;Vibraye;10.5
73006;Aime-la-Plagne;10.7
73008;Aix-les-Bains;10
73010;Entrelacs;6.3
73011;Albertville;11.6
73034;Beaufort;11.3
73054;Bourg-Saint-Maurice;14.1
73055;Bozel;14
73065;Chambéry;12.2
73157;Modane;13.2
73171;Montmélian;8.5
73181;Moûtiers;14.6
73215;Valgelon-La Rochette;7.8
73236;Saint-Genix-les-Villages;9.8
73248;Saint-Jean-de-Maurienne;11.1
73270;Saint-Pierre-d'Albigny;7.7
73303;Ugine;12.5
73304;Val-d'Isère;20.8
73330;Yenne;8.2
74010;Annecy;8.4
74012;Annemasse;14.8
74042;Bonneville;9
74043;Bons-en-Chablais;6.3
74056;Chamonix-Mont-Blanc;15.1
74081;Cluses;11.6
74096;Cruseilles;5.2
74105;Douvaine;8.7
74123;Faverges-Seythenex;9.2
74137;Groisy;5
74191;Morzine;14.4
74220;Reignier-Ésery;7.5
74224;La Roche-sur-Foron;7.7
74225;Rumilly;7.1
74236;Saint-Gervais-les-Bains;10.6
74243;Saint-Julien-en-Genevois;9.6
74256;Sallanches;9
74258;Samoëns;11.3
74269;Seyssel;7.9
74276;Taninges;7.4
74280;Thônes;7.5
74281;Thonon-les-Bains;9.8
74311;Viuz-en-Sallaz;6.3
75056;Paris;16.8
76034;Val-de-Scie;9.5
76035;Aumale;15.5
76057;Barentin;10.6
76101;Blangy-sur-Bresle;15.2
76114;Bolbec;14
76146;Buchy;6.9
76159;Cany-Barville;12.3
76164;Rives-en-Seine;10.7
76196;Criquetot-l'Esneval;5
76217;Dieppe;16.1
76219;Doudeville;11.3
76222;Duclair;9.9
76255;Eu;14.2
76258;Terres-de-Caux;9.7
76259;Fécamp;13.3
76276;Forges-les-Eaux;14.7
76302;Goderville;7.1
76312;Gournay-en-Bray;13.3
76351;Le Havre;18.4
76400;Luneray;10.7
76462;Neufchâtel-en-Bray;14.7
76476;Port-Jérôme-sur-Seine;12.2
76482;Offranville;8.5
76540;Rouen;16.9
76647;Saint-Romain-de-Colbosc;5.2
76648;Saint-Saëns;13.2
76655;Saint-Valery-en-Caux;12.8
76752;Yerville;7.7
76758;Yvetot;10.4
77051;Bray-sur-Seine;10.5
77053;Brie-Comte-Robert;7.7
77088;La Chapelle-la-Reine;6.9
77100;Le Châtelet-en-Brie;5
77118;Claye-Souilly;6.4
77131;Coulommiers;9.8
77142;Crécy-la-Chapelle;6.4
77153;Dammartin-en-Goële;7.2
77171;Esbly;6
77182;La Ferté-Gaucher;12.4
77183;La Ferté-sous-Jouarre;11.6
77186;Fontainebleau;9.5
77192;Fontenay-Trésigny;6.7
77268;Magny-le-Hongre;7.5
77284;Meaux;14.9
77288;Melun;20.1
77305;Montereau-Fault-Yonne;18.4
77316;Moret-Loing-et-Orvanne;9.3
77327;Nangis;11
77333;Nemours;13.3
77379;Provins;15
77393;Rozay-en-Brie;5.6
77407;Saint-Fargeau-Ponthierry;7.1
77437;Saint-Soupplets;5.6
77458;Souppes-sur-Loing;15.5
77470;Tournan-en-Brie;9.1
78029;Aubergenville;12.6
78089;Bonnières-sur-Seine;11.9
78217;Épône;5.5
78220;Les Essarts-le-Roi;5.4
78267;Gargenville;9
78310;Houdan;5
78361;Mantes-la-Jolie;21.2
78420;Montfort-l'Amaury;5.6
78455;Noisy-le-Roi;5
78486;Le Perray-en-Yvelines;5.2
78513;La Queue-les-Yvelines;5
78517;Rambouillet;7
78537;Saint-Arnoult-en-Yvelines;5
79005;Airvault;14.7
79048;La Crèche;5
79049;Bressuire;15.3
79061;Celles-sur-Belle;6.9
79062;Cerizay;12.2
79079;Mauléon;9.3
79083;Chef-Boutonne;19.4
79101;Coulonges-sur-l'Autize;12
79174;Melle;14.2
79179;Moncoutant-sur-Sèvre;14
79191;Niort;10.8
79195;Nueil-les-Aubiers;14
79202;Parthenay;14.1
79270;Saint-Maixent-l'École;13
79307;Sauzé-entre-Bois;21.5
79311;Secondigny;15.4
79329;Thouars;14.5
80001;Abbeville;17.3
80010;Ailly-sur-Noye;9.3
80013;Airaines;16.5
80016;Albert;14.8
80021;Amiens;18.6
80211;Conty;9.7
80212;Corbie;9.9
80222;Crécy-en-Ponthieu;15.6
80253;Doullens;16.7
80318;Flixecourt;15
80368;Friville-Escarbotin;13.9
80373;Gamaches;15.7
80410;Ham;18
80561;Montdidier;16.1
80570;Moreuil;10.8
80606;Oisemont;16.9
80620;Péronne;16.4
80630;Poix-de-Picardie;11.9
80680;Rosières-en-Santerre;15.8
80685;Roye;16
80688;Rue;15.6
80721;Saint-Valery-sur-Somme;14.8
80799;Villers-Bretonneux;7.3
81003;Alban;20.4
81004;Albi;14.8
81060;Carmaux;18.6
81065;Castres;16.7
81099;Gaillac;16
81105;Graulhet;19.4
81120;Labruguière;13.2
81124;Lacaune;18.7
81140;Lavaur;11.1
81163;Mazamet;18.8
81219;Puylaurens;13.2
81220;Rabastens;12.1
81222;Réalmont;14.2
81271;Saint-Sulpice-la-Pointe;7.4
82013;Beaumont-de-Lomagne;16.5
82033;Castelsarrasin;17.7
82037;Caussade;17.8
82075;Grisolles;9.6
82087;Lafrançaise;15.7
82112;Moissac;22.8
82121;Montauban;16.2
82125;Montech;12.1
82134;Nègrepelisse;17
82155;Saint-Antonin-Noble-Val;26.4
82186;Valence;16.8
82190;Verdun-sur-Garonne;10.8
83007;Aups;22.1
83012;Barjols;20
83019;Bormes-les-Mimosas;14.1
83023;Brignoles;20.1
83032;Carcès;19.9
83036;Cavalaire-sur-Mer;14.5
83042;Cogolin;16.7
83050;Draguignan;18.2
83055;Fayence;15.6
83061;Fréjus;15.5
83064;Garéoult;10.6
83071;La Londe-les-Maures;12.4
83072;Lorgues;16.9
83073;Le Luc;16.9
83081;Montauroux;13.7
83091;Pierrefeu-du-Var;8.9
83104;Rians;12.6
83106;Rocbaron;9.1
83107;Roquebrune-sur-Argens;11
83115;Sainte-Maxime;16.3
83116;Saint-Maximin-la-Sainte-Baume;12.4
83119;Saint-Tropez;13.8
83121;Salernes;19.1
83137;Toulon;15.7
83148;Vidauban;17.2
84003;Apt;20.3
84007;Avignon;21.2
84019;Bollène;20.1
84031;Carpentras;19
84035;Cavaillon;19.7
84054;L'Isle-sur-la-Sorgue;14.7
84071;Maubec;13.9
84087;Orange;17.5
84089;Pertuis;13.4
84106;Sainte-Cécile-les-Vignes;13.1
84123;Sault;22
84133;La Tour-d'Aigues;13
84137;Vaison-la-Romaine;17.2
84138;Valréas;19.2
85003;Aizenay;7.5
85018;Beauvoir-sur-Mer;10.2
85019;Bellevigny;6.1
85020;Benet;8.1
85035;Bretignolles-sur-Mer;8
85047;Challans;9.1
85051;Chantonnay;10.5
85059;La Châtaigneraie;12.7
85084;Essarts-en-Bocage;6.8
85092;Fontenay-le-Comte;12.9
85109;Les Herbiers;7.1
85113;L'Île-d'Yeu;9.3
85128;Luçon;11.1
85146;Montaigu-Vendée;6.2
85151;Mortagne-sur-Sèvre;5.7
85152;Les Achards;7.3
85156;Moutiers-les-Mauxfaits;10.1
85163;Noirmoutier-en-l'Île;11.8
85178;Le Poiré-sur-Vie;5.4
85182;Pouzauges;8.4
85191;La Roche-sur-Yon;10.7
85194;Les Sables-d'Olonne;8.7
85215;Saint-Fulgent;6.3
85223;Saint-Jean-d'Hermine;11.4
85226;Saint-Hilaire-de-Riez;8.5
85234;Saint-Jean-de-Monts;11.7
85288;Talmont-Saint-Hilaire;7.8
85294;La Tranche-sur-Mer;9.8
86066;Châtellerault;16.1
86070;Chauvigny;10.9
86078;Civray;18.9
86082;Valence-en-Poitou;15
86092;Dangé-Saint-Romain;11.5
86103;Gençay;14
86112;L'Isle-Jourdain;21.6
86128;Lencloître;13.2
86137;Loudun;16
86139;Lusignan;12.4
86140;Lussac-les-Châteaux;14.1
86165;Montmorillon;16.3
86177;Neuville-de-Poitou;9.6
86194;Poitiers;15.4
86293;Vivonne;9.1
86294;Vouillé;8.5
87001;Aixe-sur-Vienne;9.3
87002;Ambazac;12
87011;Bellac;22.3
87014;Bessines-sur-Gartempe;15.3
87032;Châlus;18.8
87064;Eymoutiers;19.5
87085;Limoges;16.6
87106;Nexon;10.9
87126;Rochechouart;17.9
87154;Saint-Junien;13.1
87161;Saint-Léonard-de-Noblat;13.7
87187;Saint-Yrieix-la-Perche;16.9
88075;La Bresse;12.9
88078;Bruyères;14.6
88090;Charmes;12.6
88114;Contrexéville;15.1
88160;Épinal;15.8
88181;Fraize;14.7
88196;Gérardmer;12.3
88304;Mirecourt;13.6
88321;Neufchâteau;15.5
88367;Rambervillers;17.9
88372;Raon-l'Étape;17.4
88383;Remiremont;12.6
88408;Rupt-sur-Moselle;15.9
88413;Saint-Dié-des-Vosges;17.8
88468;Le Thillot;15.9
88486;Vagney;11.2
88487;Le Val-d'Ajol;15.9
88516;Vittel;10
88530;Xertigny;19
89003;Montholon;10
89024;Auxerre;13.7
89025;Avallon;14.6
89068;Chablis;10.3
89086;Charny Orée de Puisaye;16.3
89206;Joigny;20.9
89257;Migennes;18.1
89309;Pont-sur-Yonne;10.8
89345;Saint-Florentin;15.1
89368;Saint-Sauveur-en-Puisaye;19.3
89387;Sens;16.6
89418;Tonnerre;17
89419;Toucy;14.5
89464;Villeneuve-sur-Yonne;12
90010;Belfort;18.6
90033;Delle;11.7
90052;Giromagny;13.6
91016;Angerville;9.4
91021;Arpajon;12.4
91045;Ballancourt-sur-Essonne;5.6
91105;Breuillet;6.8
91200;Dourdan;9.4
91223;Étampes;14.1
91226;Étréchy;5
91232;La Ferté-Alais;5.7
91338;Limours;5
91376;Marolles-en-Hurepoix;5
91405;Milly-la-Forêt;6
95250;Fosses;8.6
95313;L'Isle-Adam;7.4
95351;Louvres;12.9
95355;Magny-en-Vexin;7.8
95370;Marines;5.9
95487;Persan;12.6
95652;Viarmes;6.3
97101;Les Abymes;N/A - résultat non disponible
97105;Basse-Terre;N/A - résultat non disponible
97106;Bouillante;N/A - résultat non disponible
97107;Capesterre-Belle-Eau;N/A - résultat non disponible
97112;Grand-Bourg;N/A - résultat non disponible
97122;Port-Louis;N/A - résultat non disponible
97129;Sainte-Rose;N/A - résultat non disponible
97209;Fort-de-France;25.3
97213;Le Lamentin;21.7
97222;Le Robert;26.7
97225;Saint-Pierre;31.5
97228;Sainte-Marie;34
97302;Cayenne;N/A - résultat non disponible
97304;Kourou;N/A - résultat non disponible
97311;Saint-Laurent-du-Maroni;N/A - résultat non disponible
97404;L'Étang-Salé;27.3
97409;Saint-André;44.8
97410;Saint-Benoît;43.8
97411;Saint-Denis;33
97412;Saint-Joseph;41.4
97413;Saint-Leu;34.2
97414;Saint-Louis;43.3
97415;Saint-Paul;31.7
97416;Saint-Pierre;35.7
97608;Dzaoudzi;N/A - résultat non disponible
97611;Mamoudzou;N/A - résultat non disponible